{
  "employees": [
    {
      "id": 1,
      "first_name": "Sebastian",
      "last_name": "Eschweiler",
      "email": "sebastian@codingthesmartway.com"
    },
    {
      "id": 2,
      "first_name": "Steve",
      "last_name": "Palmer",
      "email": "steve@codingthesmartway.com"
    },
    {
      "id": 3,
      "first_name": "Ann",
      "last_name": "Smith",
      "email": "ann@codingthesmartway.com"
    },
    {
      "id": 4,
      "first_name": "Sabira",
      "last_name": "Nazar",
      "email": "sabira@gmail.com"
      },
      {
      "id": 5,
      "first_name": "Safana",
      "last_name": "Nazar",
      "email": "safana@gmail.com"
      }
  ]
}
